<?xml version="1.0" encoding="UTF-8" standalone="yes"?>
<addon id="plugin.video.youtube" name="YouTube" version="5.4.14Bump" provider-name="jdf76, bromix">
	<requires>
		<import addon="xbmc.python" version="2.1.0"/>
	</requires>
	<extension point="xbmc.python.pluginsource" library="default.py">
		<provides>video</provides>
	</extension>
    <extension point="xbmc.service" library="startup.py" start="startup" />
	<extension point="xbmc.addon.metadata">
        <news>
[add] MPEG-DASH support for Kodi 17 w/ inputstream.adaptive add-on or SPMC 16 w/ builtin-in
[add] optional History and Watch Later custom playlist to Settings -> Folders, or (My)Playlists context menu to set/remove
[add] Maintenance section to Settings
[add] 'Subtitle language(s) to download' selection to Settings -> General
[add] 'Force SSL Certificate verification' to Settings -> Advanced
[upd] API key set switching from Settings -> API (this will log you out)
[upd] Dual login only required if My Subscriptions folder is enabled at sign-in
[upd] setting content type from episodes, now videos
[del] override view options
[upd] Norwegian strings [torstehu]
[upd] Greek strings [twilight0]
[upd] Portuguese strings [Wanilton]
[upd] Dutch strings [flemlion]
[fix/upd] API tweaking and various other updates
        </news>
        <assets>
            <icon>icon.png</icon>
            <fanart>fanart.jpg</fanart>
        </assets>
        <summary lang="en">Plugin for YouTube</summary>
        <description lang="en">YouTube is one of the biggest video-sharing websites of the world.</description>
        <disclaimer lang="en"></disclaimer>
		<language></language>
		<platform>all</platform>
		<license>GNU GENERAL PUBLIC LICENSE. Version 2, June 1991</license>
		<forum>http://forum.kodi.tv/showthread.php?tid=267160</forum>
		<website>http://www.youtube.com</website>
		<email>ytplugin at datanet dot ws</email>
		<source>https://github.com/Kolifanes/plugin.video.youtube</source>
	</extension>
</addon>
